{
  "config": {
    "design_batch_size": 20,
    "design_steps": 50,
    "top_k": 5,
    "seed": 1,
    "device": "cpu"
  },
  "start_mean": 0.4670219421386719,
  "opt_mean": 1.742120385169983,
  "opt_min": 1.183826208114624,
  "topk_mean": 1.2813827991485596,
  "improvement_rate": 0.10000000149011612,
  "es_time": 0.21141982078552246,
  "decode_time": 67.70949602127075,
  "opt_vals": [
    2.2510480880737305,
    1.2939121723175049,
    1.4125487804412842,
    1.4938197135925293,
    1.4960918426513672,
    1.9761042594909668,
    1.183826208114624,
    1.7365705966949463,
    1.8100175857543945,
    1.5598535537719727,
    2.065157413482666,
    1.573695182800293,
    2.484001636505127,
    1.345470666885376,
    1.2674014568328857,
    1.316303014755249,
    2.1827802658081055,
    1.81062650680542,
    1.6618506908416748,
    2.921328067779541
  ],
  "start_vals": [
    1.2401301860809326,
    -0.03407180309295654,
    1.5192232131958008,
    -1.2311604022979736,
    -0.5977821350097656,
    1.51875901222229,
    0.49077343940734863,
    1.2221109867095947,
    1.5545756816864014,
    -1.0561416149139404,
    1.181084394454956,
    -0.48825782537460327,
    -0.378168523311615,
    0.5533856153488159,
    1.1040711402893066,
    1.5398943424224854,
    0.7706233263015747,
    -0.7724433541297913,
    0.398766428232193,
    0.8050670623779297
  ],
  "top_k_formulas": [
    "Li4 Cr4 O8",
    "Sr3 Fe3 O8",
    "Li4 Fe1 O6",
    "Th9 Ga11",
    "Ca2 O4"
  ],
  "top_k_eform": [
    1.573695182800293,
    1.5598535537719727,
    2.484001636505127,
    1.6618506908416748,
    1.4938197135925293
  ]
}